college,college_logo_url
Alabama,http://a.espncdn.com/i/teamlogos/ncaa/500/333.png
Arizona,http://a.espncdn.com/i/teamlogos/ncaa/500/12.png
Arizona State,http://a.espncdn.com/i/teamlogos/ncaa/500/9.png
Arkansas,http://a.espncdn.com/i/teamlogos/ncaa/500/8.png
Auburn,http://a.espncdn.com/i/teamlogos/ncaa/500/2.png
BYU,http://a.espncdn.com/i/teamlogos/ncaa/500/252.png
Baylor,http://a.espncdn.com/i/teamlogos/ncaa/500/239.png
Boise State,http://a.espncdn.com/i/teamlogos/ncaa/500/68.png
Boston College,http://a.espncdn.com/i/teamlogos/ncaa/500/103.png
Buffalo,http://a.espncdn.com/i/teamlogos/ncaa/500/2084.png
California,http://a.espncdn.com/i/teamlogos/ncaa/500/25.png
Central Michigan,http://a.espncdn.com/i/teamlogos/ncaa/500/2117.png
Cincinnati,http://a.espncdn.com/i/teamlogos/ncaa/500/2132.png
Clemson,http://a.espncdn.com/i/teamlogos/ncaa/500/228.png
Dartmouth,http://a.espncdn.com/i/teamlogos/ncaa/500/159.png
Duke,http://a.espncdn.com/i/teamlogos/ncaa/500/150.png
Florida,http://a.espncdn.com/i/teamlogos/ncaa/500/57.png
Florida State,http://a.espncdn.com/i/teamlogos/ncaa/500/52.png
Georgia,http://a.espncdn.com/i/teamlogos/ncaa/500/61.png
Georgia State,http://a.espncdn.com/i/teamlogos/ncaa/500/2247.png
Georgia Tech,http://a.espncdn.com/i/teamlogos/ncaa/500/59.png
Houston,http://a.espncdn.com/i/teamlogos/ncaa/500/248.png
Illinois,http://a.espncdn.com/i/teamlogos/ncaa/500/356.png
Incarnate Word,http://a.espncdn.com/i/teamlogos/ncaa/500/2916.png
Indiana,http://a.espncdn.com/i/teamlogos/ncaa/500/84.png
Iowa,http://a.espncdn.com/i/teamlogos/ncaa/500/2294.png
Iowa State,http://a.espncdn.com/i/teamlogos/ncaa/500/66.png
John Carroll,http://a.espncdn.com/i/teamlogos/ncaa/500/2302.png
Kansas,http://a.espncdn.com/i/teamlogos/ncaa/500/2305.png
Kansas State,http://a.espncdn.com/i/teamlogos/ncaa/500/2306.png
Kentucky,http://a.espncdn.com/i/teamlogos/ncaa/500/96.png
LSU,http://a.espncdn.com/i/teamlogos/ncaa/500/99.png
Louisiana-Lafayette,http://a.espncdn.com/i/teamlogos/ncaa/500/309.png
Louisville,http://a.espncdn.com/i/teamlogos/ncaa/500/97.png
Maryland,http://a.espncdn.com/i/teamlogos/ncaa/500/120.png
Memphis,http://a.espncdn.com/i/teamlogos/ncaa/500/235.png
Miami (FL),http://a.espncdn.com/i/teamlogos/ncaa/500/2390.png
Miami (OH),http://a.espncdn.com/i/teamlogos/ncaa/500/193.png
Michigan,http://a.espncdn.com/i/teamlogos/ncaa/500/130.png
Michigan State,http://a.espncdn.com/i/teamlogos/ncaa/500/127.png
Minnesota,http://a.espncdn.com/i/teamlogos/ncaa/500/135.png
Mississippi,http://a.espncdn.com/i/teamlogos/ncaa/500/145.png
Mississippi State,http://a.espncdn.com/i/teamlogos/ncaa/500/344.png
Missouri,http://a.espncdn.com/i/teamlogos/ncaa/500/142.png
NC State,http://a.espncdn.com/i/teamlogos/ncaa/500/152.png
Navy,http://a.espncdn.com/i/teamlogos/ncaa/500/2426.png
Nebraska,http://a.espncdn.com/i/teamlogos/ncaa/500/158.png
New Mexico,http://a.espncdn.com/i/teamlogos/ncaa/500/167.png
North Carolina,http://a.espncdn.com/i/teamlogos/ncaa/500/153.png
North Dakota State,http://a.espncdn.com/i/teamlogos/ncaa/500/2449.png
Northwestern,http://a.espncdn.com/i/teamlogos/ncaa/500/77.png
Notre Dame,http://a.espncdn.com/i/teamlogos/ncaa/500/87.png
Ohio State,http://a.espncdn.com/i/teamlogos/ncaa/500/194.png
Oklahoma,http://a.espncdn.com/i/teamlogos/ncaa/500/201.png
Oregon,http://a.espncdn.com/i/teamlogos/ncaa/500/2483.png
Oregon State,http://a.espncdn.com/i/teamlogos/ncaa/500/204.png
Penn State,http://a.espncdn.com/i/teamlogos/ncaa/500/213.png
Pittsburgh,http://a.espncdn.com/i/teamlogos/ncaa/500/221.png
Rutgers,http://a.espncdn.com/i/teamlogos/ncaa/500/164.png
SMU,http://a.espncdn.com/i/teamlogos/ncaa/500/2567.png
San Diego State,http://a.espncdn.com/i/teamlogos/ncaa/500/21.png
South Alabama,http://a.espncdn.com/i/teamlogos/ncaa/500/6.png
South Carolina,http://a.espncdn.com/i/teamlogos/ncaa/500/2579.png
Southeastern Louisiana,http://a.espncdn.com/i/teamlogos/ncaa/500/2545.png
Stanford,http://a.espncdn.com/i/teamlogos/ncaa/500/24.png
Stephen F. Austin,http://a.espncdn.com/i/teamlogos/ncaa/500/2617.png
Syracuse,http://a.espncdn.com/i/teamlogos/ncaa/500/183.png
TCU,http://a.espncdn.com/i/teamlogos/ncaa/500/2628.png
Tennessee,http://a.espncdn.com/i/teamlogos/ncaa/500/2633.png
Texas,http://a.espncdn.com/i/teamlogos/ncaa/500/251.png
Texas A&M,http://a.espncdn.com/i/teamlogos/ncaa/500/245.png
Texas Tech,http://a.espncdn.com/i/teamlogos/ncaa/500/2641.png
Toledo,http://a.espncdn.com/i/teamlogos/ncaa/500/2649.png
UCF,http://a.espncdn.com/i/teamlogos/ncaa/500/2116.png
UCLA,http://a.espncdn.com/i/teamlogos/ncaa/500/26.png
UConn,http://a.espncdn.com/i/teamlogos/ncaa/500/41.png
USC,http://a.espncdn.com/i/teamlogos/ncaa/500/30.png
UTSA,http://a.espncdn.com/i/teamlogos/ncaa/500/2636.png
Utah,http://a.espncdn.com/i/teamlogos/ncaa/500/254.png
Vanderbilt,http://a.espncdn.com/i/teamlogos/ncaa/500/238.png
Virginia,http://a.espncdn.com/i/teamlogos/ncaa/500/258.png
Virginia Tech,http://a.espncdn.com/i/teamlogos/ncaa/500/259.png
Wake Forest,http://a.espncdn.com/i/teamlogos/ncaa/500/154.png
Washington,http://a.espncdn.com/i/teamlogos/ncaa/500/264.png
Western Kentucky,http://a.espncdn.com/i/teamlogos/ncaa/500/98.png
Western Michigan,http://a.espncdn.com/i/teamlogos/ncaa/500/2711.png
Wisconsin,http://a.espncdn.com/i/teamlogos/ncaa/500/275.png
Wyoming,http://a.espncdn.com/i/teamlogos/ncaa/500/2751.png
