url,player,school,position,scouting_report,strengths,weaknesses,bottom_line,comp
https://www.pff.com/news/draft-pff-2026-nfl-draft-guide-fernando-mendoza-indiana,Fernando Mendoza,NA,QB,"Mendoza, the grandson of Cuban immigrants, is a former three-star quarterback from Miami, Florida. A multi-sport athlete who also played tennis, he emerged as a natural leader early in his career, serving as a team captain from his sophomore through senior seasons. Mendoza was originally committed to Yale before flipping his commitment to Cal, where he redshirted before starting eight games in 2023 and 11 more in 2024. He transferred to Indiana ahead of the 2025 season and delivered one of the most remarkable campaigns in college football history, leading the Hoosiers to an undefeated national championship while capturing the Heisman Trophy as the program’s starting quarterback. At 6-foot-4½, Mendoza has adequate size for the NFL with a longer, slender frame and extended arm length. Despite that build, his throwing mechanics are clean and repeatable, producing a quick, snappy release. He generates strong velocity on short and intermediate throws, particularly outside the numbers, where he does his best work. Mendoza is the best back-shoulder thrower in the class, consistently winning with pre-snap recognition, coverage and leverage identification, precise timing and elite ball placement. His plus-accuracy throw rate led all draft-eligible quarterbacks. He was also highly effective under pressure and in third-and-long situations. Indiana’s offense limited his opportunities throwing over the intermediate middle of the field, and he has relatively few snaps under center, both of which will be areas of evaluation at the next level. And while Mendoza is not a true dual-threat quarterback, he has enough functional mobility to operate RPO concepts efficiently and pick up first downs with his legs when needed.","Adequate NFL frame (height and weight) | Good velocity on short and intermediate passes | The best back-shoulder passer in the class (NFL-caliber), with elite timing and placement. | Has some natural touch for sideline passes with extra air | Knows how to be patient with progressions | Has some excellent ball placement. He boasts the highest “perfect” accuracy percentage in the class at 36.7%. | Overall, he is an intelligent player. He avoids negatives, reads coverages and leverage, and he plays calmly under pressure | Good enough of an athlete to run some RPOs with effectiveness | Long arms, but he still has a snappy throwing motion","He has a good arm but not a great arm. He can get in trouble if he's throwing fade-away passes or is late on reads | Sack rate is on the higher side, but much improved in 2025 | He took just two total snaps under center in 2025","Mendoza doesn't have rare physical gifts, but his football IQ, football character and ball placement are top-class, making him worthy of a first-round selection as an early-impact projection and potential franchise quarterback.",Matt Ryan
https://www.pff.com/news/draft-pff-2026-nfl-draft-guide-ty-simpson-alabama,Ty Simpson,NA,QB,"Simpson is a former five-star quarterback from Martin, Tennessee, who was crowned the Tennessee Gatorade Player of the Year in 2021 as a senior, when he led his team to a state championship. He committed to Alabama, where he redshirted his first season, then spent the next two years as a backup behind Jalen Milroe. He finally got his chance to be the starter in 2025, with a mixed bag of results heading into the NFL. At around 6-foot-2 and 215 pounds, he is slightly on the smaller side versus NFL averages, but nothing in the outlier range. His arm strength is not lacking despite his size, as he has above-average overall arm talent. He is a decent athlete for some RPO and QB power work in the run game, and he shows some escapability. He can really rip passes between zone coverages, especially over the middle of the field, where he is at his best — though he does flirt with the line between a tight-window throw and a turnover-worthy play. There are plays where he steps up confidently in the pocket or hangs tough long enough to get to backside reads, but there are also snaps where he retreats too far backward or bails sooner than he needs to, making things worse. He has some really nice throws from an accuracy standpoint, but when he misses, he usually misses high. That could stem from a higher release and follow-through. The biggest issue for him is how he played under pressure. With 2025 being his first year as a full-time starter, he lacked the experience to consistently handle late post-snap coverage rotations and more exotic blitzes.",NA,NA,NA,NA
https://www.pff.com/news/draft-pff-2026-nfl-draft-guide-cade-klubnik-clemson,Cade Klubnik,NA,QB,"Klubnik was a former five-star quarterback from Austin, Texas, where he led Westlake High School to two consecutive state championships in 2020 and 2021, including a 2020 title win against Quinn Ewers. As a senior, he was named the All-American Bowl Player of the Year and MaxPreps Player of the Year and was the Gatorade Football Player of the Year for the state of Texas before committing to Clemson. He served as a backup in 2022 but has been the starter for the past three seasons. At about 6-foot-1 1/2 and around 205 pounds, he is small by NFL standards. He has good mobility, though it shows up more in escapability than true dual-threat ability. He is a natural touch passer who can layer throws between zone coverages, both in the pocket and off-platform. He also maintains sound fundamentals, which give him a repeatable throwing motion, though when he misses, his misses tend to be high. Overall, his arm talent is lacking. He can deliver pretty passes when things go right, but he can get into trouble if he is late to reads. He also had a difficult time seeing post-snap rotations — specifically from safeties — in 2025. He is generally good under pressure, but he can have bad panic moments that are back-breakers. His lack of pace on his passes shows up in his high turnover-worthy play rate over the middle of the field, and there are times when he has to stand and pass on his toes to see over the line. That said, he has been a leader and a winner at every stop of his football career.",NA,NA,NA,NA
https://www.pff.com/news/draft-pff-2026-nfl-draft-guide-garrett-nussmeier-lsu,Garrett Nussmeier,NA,QB,"Nussmeier, the son of longtime college and NFL coach Doug Nussmeier, was a four-star quarterback from Flower Mound, Texas, who committed to LSU out of high school. He redshirted his first season in 2021, then backed up Jayden Daniels in both 2022 and 2023. He started all 13 games in 2024 and, despite having some NFL interest, decided to return for one more year at LSU. Unfortunately, he wasn’t able to put his best foot forward, as he played through an abdominal tear suffered in the summer and ultimately appeared in just nine games. Nussmeier is small by NFL standards at 6-foot-2 and around 200 pounds. He’s a true gunslinger-type player who remains confident and fearless despite lacking some physical gifts. He loves to push the ball vertically, though he doesn’t have the strongest arm to make up for seeing things late. He also predetermines his reads too often and gets himself in trouble. He has a quick release and quick time to throw, stemming from growing up with a quarterback father and establishing good foundations for pre-snap reads and progression work, but it can also get him in trouble. He is willing to attack the middle of the field but has a high turnover-worthy play rate in the intermediate middle. Though he likes to make plays outside of structure, he lacks the physical ability to consistently be effective as a passer on the run.",NA,NA,NA,NA
https://www.pff.com/news/draft-pff-2026-nfl-draft-guide-carson-beck-miami-fl,Carson Beck,NA,QB,"Beck was a former four-star quarterback from Jacksonville, Florida. Before he was a standout football recruit, he nearly went the baseball route. He was offered a scholarship from South Carolina as a right-handed pitcher and first baseman as a ninth grader. In fact, he was initially committed to Florida to play baseball before shifting his focus to football. He won Mr. Football in Florida in 2018 after leading his team to a state title, and he was committed to play both football and baseball at Alabama before recommitting to Georgia. He wasn’t on campus during the COVID-shortened 2020 season and served as Stetson Bennett’s backup in 2021 and 2022. He then started at Georgia in 2023 and 2024 before transferring to Miami and leading his team to the national title game. At 6-foot-4 and 220 pounds, he has an adequate NFL build. He has mostly played from the shotgun, as is the case with most quarterbacks today, but has some experience under center. He has a smooth and clean throwing motion with generally good lower-body mechanics. This yields a decently high clean-accuracy score on short and intermediate routes, and he knows how to get through his first few progressions and feed passes between zones. He is not much of a mobility threat, and his play under pressure has been rough over the past two years. He also had surgery to repair a UCL tear late in 2024, and his arm did not look the same in 2025. His overall velocity was mediocre at best, and his deep passing beyond 40 yards was very unreliable and ineffective.",NA,NA,NA,NA
https://www.pff.com/news/draft-pff-2026-nfl-draft-guide-sawyer-robertson-baylor,Sawyer Robertson,NA,QB,"Robertson is a former four-star quarterback from Lubbock, Texas, who played both football and baseball in high school. He originally attended Mississippi State for two seasons before transferring to Baylor, where he was the starter for three years. He looks the part of an NFL quarterback at 6-foot-4 and 220 pounds and has the size and arm strength to rip it at the next level. However, his throwing mechanics — specifically in his lower body — are inconsistent and remain an issue. He has a wide, kick-style release in his follow-through from his baseball days, doesn’t always align his feet with his target and has a tendency to fade away on throws. All of that has yielded one of the highest uncatchable and inaccurate-pass percentages among 2026 quarterbacks. He’s not a dual-threat quarterback, but he can pick up some first downs with his legs. He has a lot of throws where he gives his receivers a chance to climb the ladder and win one-on-one, especially in vertical situations up the sideline or in the seam versus Cover 3. That approach gives him good grades versus man coverage, but he can struggle to assess the range of off-zone defenders on the outside. His grades and production also dipped significantly under pressure.",NA,NA,NA,NA
https://www.pff.com/news/draft-pff-2026-nfl-draft-guide-cole-payton-north-dakota-state-bison,Cole Payton,NA,QB,"Payton was a former two-star recruit in the 2021 class from Omaha, Nebraska, who won the Nebraska Gatorade Player of the Year award as a senior in 2020. He committed to North Dakota State, where he served as a backup quarterback and situational rushing option until his senior season, when he became the full-time starter. At 6-foot-3 and around 230 to 235 pounds, he has good size for the league. He is also an adequate pro athlete, not just for the position but for his size. His rushing ability and experience give him a good floor and ceiling as an RPO and QB power-type backfield player. As a passer, his grades and efficiency numbers are high, but you have to factor in how easy his situation was in 2025 on a very talented NDSU team that was typically more talented than its competition. He has a high time to throw, which stems from his rushing style but also from not being the quickest to read defenses pre- and post-snap. That has yielded a high sack rate despite his athleticism. He does have good overall arm talent that is adequate for the NFL. His throwing motion has a bit of a shotput-style finish, but his footwork and base are consistent and give him a strong drive on his passes.",NA,NA,NA,NA
https://www.pff.com/news/draft-pff-2026-nfl-draft-guide-diego-pavia-vanderbilt,Diego Pavia,NA,QB,"Pavia is the kind of player you wish could just play college ball forever. He’s the underdog everyone tunes in to see topple giants when his team has no business doing so. But when it comes to his pro projection, he’ll likely be viewed as a big underdog once again. He was a two-star quarterback from Albuquerque, New Mexico, who competed in wrestling, where he was a state champion, as well as baseball and football. He received no scholarship offers from any NCAA Division I school, and only two Division II schools — Western Colorado and Western New Mexico — offered him a chance to play quarterback. So he committed to play JUCO football at New Mexico Military Institute. He played two years at NMMI, winning an NJCAA national championship in 2021, then transferred to New Mexico State, where he won the 2023 Conference USA Offensive Player of the Year award. He transferred to Vanderbilt in 2024, starting 13 games and earning SEC Newcomer of the Year honors. He returned in 2025 and was a Heisman Trophy finalist. His smaller size, under 5-foot-10, is almost nonexistent in the NFL outside of Kyler Murray and Bryce Young — but he isn’t the runner Murray is and isn’t the passer Bryce was at Alabama. What he does have going for him is experience as an RPO and option quarterback with a “never-say-die” ball-carrier mentality. He has improved as a passer over the past two seasons and specifically loves to give his receivers a chance outside the numbers against man coverage. He has decent zip on shorter passes but lacks the arm talent for a deep passing game. He also naturally struggles to see over the line of scrimmage, though his numbers over the middle of the field aren’t bad. He has very high passing grades on designed rollouts, though true scramble-drill plays aren’t as successful. He has a bit of a looping throwing motion, but his footwork is strong and consistent.",NA,NA,NA,NA
https://www.pff.com/news/draft-pff-2026-nfl-draft-guide-taylen-green-arkansas,Taylen Green,NA,QB,"Green was a three-star quarterback from Lewisville, Texas, where he not only played football but also broke the school record in the long jump in track and field. He committed to Boise State, where, after a redshirt season, he started for two years before transferring to Arkansas for his final two years of eligibility. His size will be alluring to general managers and head coaches. He is a legit athlete at just under 6-foot-6 and 225 pounds who rushed for more than 2,400 yards in his four seasons as a starter. He is a good rushing threat with experience in the pistol and shotgun as an RPO quarterback. As a passer, his athletic gifts show up in a naturally strong arm that can push the ball vertically. However, he is still far too inconsistent as a passer. His footwork is OK, but it can be erratic. Pair that with a longer, sidearm throwing motion, and you have a faulty foundation for accuracy, evidenced by lower accuracy and ball-placement scores. He also doesn’t have the passing numbers you’d expect under pressure or on the run. Despite being a good athlete, he has a high sack rate, in part due to an average time to throw well above 3.00 seconds.",NA,NA,NA,NA
https://www.pff.com/news/draft-pff-2026-nfl-draft-guide-jeremiyah-love-notre-dame,Jeremiyah Love,NA,HB,"Love, a former four-star back with a multi-sport background in track and basketball from St. Louis, Missouri, is a future impact NFL running back. First and foremost, he is an NFL-caliber athlete in every way you’d want, with speed, acceleration and agility that translate to both the run and pass game. His footwork is excellent and impressively quick, with good contact balance despite a larger frame than expected for his kind of speed. He is also a natural receiver. As more of a speed back, some of the power elements in his game can be inconsistent, but nothing glaring. As a blocker, he has some fundamental lapses, such as lunging and dipping his head, though he also shows some solid reps.",Acceleration and top speed are top-tier for the NFL | Incredibly impressive footwork with quickness and balance | Very quick processor in change-of-direction situations and on jukes | Determined running and blocking mentality | Very natural receiver out of the backfield,"Work between the tackles isn’t as impactful | Has moments in pass protection where he gets reckless, dipping his head and lunging with his shoulder","Simply put, Jeremiyah Love is what a first-round running back looks like: frame, athleticism, coordination and playmaker mentality. He brings true impact value in the running and passing games.",Jahmyr Gibbs
https://www.pff.com/news/draft-pff-2026-nfl-draft-guide-jonah-coleman-washington,Jonah Coleman,NA,HB,"Coleman, a former three-star back from Stockton, Calif., has an NFL build and fantastic career efficiency scores as both a rusher and receiver. His 225-plus-pound frame allows him to run behind his pads with good power and balance for yards after contact, but he also has surprisingly quick footwork and decent lateral movement skills. At just 5-foot-9, his stride length is shorter and limits his overall top gear and breakaway speed, but that stockier build also aids his contact balance. He’s also a good pass catcher and pass protector. The biggest knock on him will be his speed, as both his top speed and acceleration appear to be well below NFL averages. However, his elite zone-rushing grade over the past two years shows that once he builds momentum, his speed is good enough to find rushing lanes. He is also strong as an ox, evidenced by one career fumble on 672 career touches.",NA,NA,NA,NA
https://www.pff.com/news/draft-pff-2026-nfl-draft-guide-seth-mcgowan-kentucky,Seth Mc Gowan,NA,HB,"McGowan is in the middle of a remarkable redemption story. A former four-star recruit who saw immediate playing time at Oklahoma, his path took a dramatic turn after he was arrested, pleaded guilty to felony larceny and served three months in jail, followed by a year of probation. Dismissed from the Sooners’ program, McGowan began a winding journey that led him from Texas College, an NAIA school, to Butler Community College, then to New Mexico State and ultimately Kentucky, where he fought through multiple injuries to start all 11 games in 2025. At 6-foot and 215 pounds, McGowan has the frame of a legitimate NFL back with difference-making athleticism. He brings pro-level explosiveness in short areas along with long speed, plus light feet and quick mental processing in space to make sharp cuts behind man-gap concepts. While he is not the biggest back, his build, paired with impressive speed-to-power conversion, allows him to generate strong yards after contact. He has the tools to be reliable in pass protection, though he had a few costly misses in 2025. McGowan has also seen steady work as a receiver but is not as dynamic in that phase of his game. Ball security remains an area for improvement after six fumbles over the past two seasons.",NA,NA,NA,NA
https://www.pff.com/news/draft-pff-2026-nfl-draft-guide-emmett-johnson-nebraska,Emmett Johnson,NA,HB,"Johnson is a former three-star recruit from Minneapolis, Minnesota, who was a highly accomplished player at the Academy of Holy Angels, finishing his high school career with more than 6,000 all-purpose yards and a Minnesota Mr. Football award. He committed to Nebraska and, after redshirting in 2021, served as a part-time starter for two seasons before taking over as the full-time starter in 2025. His game is built on outstanding vision and elusiveness, highlighted by some of the quickest feet in this class. That allows him to navigate traffic effectively in man- and gap-scheme concepts, where he has posted an elite rushing grade over the past two seasons. Johnson is a natural receiver out of the backfield, and while he shows the mentality for strong pass protection, he could be overpowered at the next level due to his lack of bulk. He also runs with a determined style, consistently displaying high effort and competitive toughness.",NA,NA,NA,NA
https://www.pff.com/news/draft-pff-2026-nfl-draft-guide-jadarian-price-notre-dame,Jadarian Price,NA,HB,"Price was a highly accomplished recruit who rushed for nearly 5,000 yards in high school before committing to Notre Dame. He was also a standout track athlete, competing in the 4×100, 4×200 and long jump. Price tore his Achilles tendon during his true freshman season and did not see game action, but he has served as an impactful backup to Jeremiyah Love over the past two years. At 5-foot-11 and 210 pounds, he is well built and looks the part of an NFL running back. He runs with strong legs and good balance, giving him the potential to generate consistent yards after contact, especially when paired with his bruising style. Price shows good burst and top-end speed when he can build momentum, which is why his best production has come in outside-zone concepts. Between the tackles, he can be hesitant and at times slow to identify daylight, though his vision improved in the second half of the 2025 season. He also lacks the creativity to consistently force missed tackles at this stage, but his short-area agility showed progress as the year went on. He does not have extensive experience as a pass catcher, though his strength and willingness in pass protection give him third-down potential.",NA,NA,NA,NA
https://www.pff.com/news/draft-pff-2026-nfl-draft-guide-demond-claiborne-wake-forest,Demond Claiborne,NA,HB,"Claiborne is a former four-star recruit from Aylett, Virginia. In addition to football, he was a state title winner and runner-up in the 100-meter (10.61) and 200-meter dashes. At roughly 5-foot-10 and 195 pounds, Claiborne can cover ground quickly when he finds daylight. If he reaches the sideline with momentum, he has true home-run speed. Because of Wake Forest’s extended mesh in its RPO-heavy offense, it can be difficult to fully evaluate his vision in traditional man- and gap-scheme run concepts. Claiborne is an agile athlete who can make sudden cuts to force missed tackles and run functional routes out of the backfield. At times, however, he walks the line between patience and hesitancy in his tempo, though that improved in 2025. He is not a consistent yards-after-contact runner when squared up by defenders, making space and angles critical to his success. Claiborne also shows solid upside as a receiver and pass protector on third downs, though his lack of size can limit his reliability in pass protection.",NA,NA,NA,NA
https://www.pff.com/news/draft-pff-2026-nfl-draft-guide-mike-washington-jr-arkansas,Mike Washington Jr.,NA,HB,"Washington, a former three-star recruit from Utica, New York, is a fifth-year running back who became a full-time starter at Arkansas in 2025. At 6-foot-2 and 225 pounds, he has long been viewed as the power option in a committee, which explains why he made occasional starts at Buffalo and New Mexico State before his time in Fayetteville but never fully took over the role. He is a power back, but one with added traits. His explosiveness and straight-line speed stand out, as he clocked over 20 mph seven times in 2025. That speed translates into strong speed-to-power conversion on contact, resulting in solid yards-after-contact production over the past two seasons. While his larger frame limits some fluidity and flexibility in space, he does show quick feet for short cuts and hops between the tackles in man- and gap-scheme concepts. Combined with above-average vision for blocking angles and open lanes, that makes him an intriguing early-down option. Washington has the frame for pass protection but has been inconsistent in that area, and his receiving production has been limited throughout his career. Ball security is also a concern after seven fumbles from 2024 to 2025.",NA,NA,NA,NA
https://www.pff.com/news/draft-pff-2026-nfl-draft-guide-kaytron-allen-penn-state,Kaytron Allen,NA,HB,"Allen, nicknamed “Fatman,” is a former four-star recruit from Norfolk, Virginia, who has been one half of Penn State’s productive backfield alongside Nick Singleton for the past three seasons. At 5-foot-11 and 220 pounds, running behind his pads defines his game. If you evaluate him as a power back, there is plenty to like. Allen consistently falls forward and fights for extra yards after contact. He converts speed to power effectively and has the leg drive to handle short-yardage situations and run through arm tackles at the line of scrimmage. However, once he reaches the open field, he lacks true breakaway speed, which limits his effectiveness in outside-zone concepts. He has the build of an NFL running back but may not project as a true lead option unless he becomes more elusive and adds more value on third downs, both as a receiver and in pass protection.",NA,NA,NA,NA
https://www.pff.com/news/draft-pff-2026-nfl-draft-guide-leveon-moss-texas-am,Le'Veon Moss,NA,HB,"Moss, a four-star recruit from Baton Rouge, Louisiana, brings a well-rounded skill set to the pro level. At 6-foot and 210 pounds, he has adequate size to operate between the tackles or bounce runs outside. While his versatility allows him to function in multiple blocking schemes, his light footwork and quick acceleration are especially effective in man- and gap-scheme concepts. His yards-after-contact production and contact balance improved significantly in 2024 and carried over into 2025. Moss has limited experience as a receiver, and although his pass-protection grades have been low, he shows developmental upside in that area. He suffered a knee injury late in 2024 and missed significant time in 2025 due to an ankle injury. Those durability concerns likely push him into the Day 3 range, though he has the tools to outperform his draft slot if he can stay healthy.",NA,NA,NA,NA
https://www.pff.com/news/draft-pff-2026-nfl-draft-guide-desmond-reid-pittsburgh,Desmond Reid,NA,HB,"At 5-foot-8 and 175 pounds, Reid is the latest test case for how small an NFL running back can realistically be. He has been highly productive, totaling more than 1,200 rushing yards and 800 receiving yards over the past two seasons despite missing time with injury. His body control and short-area explosiveness are outstanding, leading to high missed-tackles-forced numbers, particularly as a receiver when he creates space with elite separation ability. As expected for a back of his size, his yards-after-contact production and pass-protection grades have been inconsistent. Still, he is not a weak player and has fumbled just once on more than 500 career carries. Reid also brings extensive receiving experience and value as a punt returner. History suggests that running backs of similar size rarely sustain long-term NFL success — even highly productive players such as Donnel Pumphrey struggled to stick. There is also a plausible path for Reid to transition into a more slot-receiver role at the next level.",NA,NA,NA,NA
https://www.pff.com/news/draft-pff-2026-nfl-draft-guide-nicholas-singleton-penn-state,Nicholas Singleton,NA,HB,"Singleton is a former five-star recruit from Reading, Pennsylvania, who was a highly accomplished high school athlete with more than 100 total touchdowns and 6,000 rushing yards. He also competed in track, posting times of 10.89 seconds in the 100 meters, 22.89 seconds in the 200 meters and running on the 4×100 relay team. At 6-foot and 220 pounds, Singleton is a gifted athlete who converts top-tier speed and acceleration into power. He is also utilized frequently as a receiver out of the backfield. While he possesses all the physical tools teams look for in a running back, his style is fairly straightforward — when runs are blocked well, he maximizes yardage, but when they are not, he can leave evaluators wanting more. That limitation stems from inconsistent creativity with his vision and an inability to consistently force missed tackles in space. At times, his tempo can feel one-speed and linear. If he develops more playmaking nuance to complement his athletic profile, he has the potential to be an impactful NFL back. If not, he risks becoming more of a “what if” than a consistent contributor.",NA,NA,NA,NA
https://www.pff.com/news/draft-pff-2026-nfl-draft-guide-jmari-taylor-virginia,J'Mari Taylor,NA,HB,"Taylor began his college career as a zero-star recruit who walked on at North Carolina Central, an HBCU in Durham, North Carolina. His start was delayed, as the 2020 season was canceled due to the COVID-19 pandemic, and he redshirted the following year. He then spent two seasons as a backup before breaking out in 2024 and transferring to the FBS level as a graduate student. He did not look out of place in 2025, flashing legitimate NFL ability. With a shorter, stockier build, Taylor runs with outstanding contact balance and impressive power behind his pads, which fuel his bruising style. He carries that power into pass protection, where he shows encouraging third-down upside. His hips are somewhat tight, which limits his ability to consistently change direction, though he does display effective one-cut quickness when pressing downhill. His vision and decisiveness are more consistent in wide-zone concepts than in between-the-tackles concepts.",NA,NA,NA,NA
https://www.pff.com/news/draft-pff-2026-nfl-draft-guide-roman-hemby-indiana,Roman Hemby,NA,HB,"Hemby is a former three-star recruit from Edgewood, Maryland, who initially committed to Maryland out of high school. After redshirting as a freshman, he started for three seasons before transferring to Indiana for his final year of eligibility. That extensive starting experience shows up in his high football IQ. He is detail-oriented as a runner, showing patience to let blocks develop and strong technique both as a pass protector and receiver. His best work comes on third downs, where he varies the tempo of his routes and makes sharp cuts to create separation. In pass protection, his feet are quick enough to mirror rushers and get into position, though he too often struggles to anchor against power. As a runner, Hemby is most effective in man- and gap-scheme concepts, where he can rely on anticipation and decisiveness. He could stand to show more patience with the ball at times. He is not a home-run threat — efficiency, not explosiveness, defines his game. Still, his competitiveness and consistent effort in every phase should make him a favorite of coaching staffs.",NA,NA,NA,NA
https://www.pff.com/news/draft-pff-2026-nfl-draft-guide-rahsul-faison-south-carolina,Rahsul Faison,NA,HB,"Faison’s football journey was lengthy — and admittedly difficult to track. After an impressive senior season in 2017, he initially planned to attend Stony Brook but was unable to enroll for academic reasons. He then spent a postgraduate year at Salisbury School in New England, which led to an opportunity at Marshall. There, he greyshirted in 2019 before departing for financial reasons. In 2020, Faison took online classes at Lackawanna College before heading to Snow College in Utah for a year of junior college football. He redshirted in 2021 and served as a rotational back in 2022. From there, he transferred to Utah State, where he became the starting running back in 2023 and 2024, before finishing his final year of eligibility at South Carolina in 2025. Despite the unconventional path, Faison does offer some NFL intrigue. At 6-foot and 220 pounds, he carries an above-average frame for the position and runs with power behind his pads, particularly between the tackles. He shows decent foot quickness behind the line of scrimmage, though sharper cuts and true change-of-direction ability can be a challenge. He has some third-down potential due to his strength in pass protection but needs greater consistency in that area, and his receiving résumé is limited. One additional factor to consider: Faison will be 26.5 years old during his first NFL training camp in 2026.",NA,NA,NA,NA
https://www.pff.com/news/draft-pff-2026-nfl-draft-guide-adam-randall-clemson,Adam Randall,NA,HB,"Randall is a former four-star wide receiver who began his college career at receiver before transitioning to running back for his senior season in 2025. At 6-foot-3 and 235 pounds, his measurables rank near the top of the percentile charts now that he is classified as a running back. He also brings an impressive track background from high school, where he ran a 10.94-second 100 meters, giving him legitimate top-end speed and explosiveness out of the backfield. Because of his limited experience at running back, Randall’s vision and patience in space remain inconsistent. Too often, he relies strictly on the designed rush lane rather than adjusting dynamically to unfolding blocks. As a result, his work between the tackles in man- and gap-scheme concepts can be uneven. However, when operating in mid- and outside-zone schemes that allow him to press the line and make one decisive cut, he can generate chunk plays. His receiving background is an asset out of the backfield. While his pass-protection technique is inconsistent, he possesses the size and frame to develop into a reliable option in that area.",NA,NA,NA,NA
https://www.pff.com/news/draft-pff-2026-nfl-draft-guide-terion-stewart-virginia-tech,Terion Stewart,NA,HB,"Stewart boasts eye-catching efficiency metrics, with missed-tackle-forced and yards-after-contact averages that rank near the top of the percentile charts. However, his tape can lack consistency and feel. At 5-foot-8, he has a shorter stride length that limits some build-up speed, though his acceleration is strong. He has a compact, powerful build that allows him to bounce off contact and deploy a firm stiff arm. His vision and anticipation as a runner are inconsistent, flashing at times but disappearing at others. He also has minimal receiving production. Stewart shows pass-protection upside thanks to his natural leverage and sturdy frame, but his recognition and anticipation in that area must improve. Ball security remains a significant concern, as drops and fumbles have plagued his game and must be cleaned up for him to earn consistent playing time.",NA,NA,NA,NA
https://www.pff.com/news/draft-pff-2026-nfl-draft-guide-jaydn-ott-oklahoma,Jaydn Ott,NA,HB,"At his best early in his college career, Ott looked like a well-rounded running back prospect. He is not an elite athlete, but he is more than athletic enough — both linearly and laterally — for the NFL. In 2022 and 2023, he displayed strong patience and awareness, allowing blocks to develop and consistently finding open space. There were occasional lapses in pass protection, but he generally kept his eyes in the right place and has the build to hold up in that role. As a receiver, he produced consistently across all three seasons at Cal. The concern surfaced in 2025. Ott appeared disengaged at times and did not look like the same athlete or playmaker he was earlier in his career. Despite entering the season as a high-profile transfer, he barely saw the field. The full explanation remains unclear — even accounting for his summer shoulder injury — and that uncertainty clouds his draft profile.",NA,NA,NA,NA
https://www.pff.com/news/draft-pff-2026-nfl-draft-guide-kaelon-black-indiana,Kaelon Black,NA,HB,"Black was a two-star running back recruit from Virginia Beach, Virginia, who committed to James Madison. After redshirting, he became the starter in his second season, but a torn ACL limited him to just three games. He returned to form as the starter in 2023 before following head coach Curt Cignetti to Indiana in 2024, where he has been a key part of the Hoosiers’ running back rotation over the past two seasons. Black has adequate size for the NFL, though he is slightly below average in both height and weight. He runs with a strong lower body, a high motor and a physical mentality that helps him generate solid yards after contact. His powerful legs also allow him to accelerate quickly once he plants and goes. Over the past two seasons, he has occasionally been a half-step late in identifying running lanes when operating behind power concepts. However, he has found more success in zone-blocking schemes — both inside and outside — where he can build momentum and attack a defined landmark. Black has very limited experience as a receiver, and while he shows the mindset to contribute in pass protection, he may struggle at times to anchor against stronger rushers.",NA,NA,NA,NA
https://www.pff.com/news/draft-pff-2026-nfl-draft-guide-kentrel-bullock-south-alabama,Kentrel Bullock,NA,HB,"Bullock is a sixth-year running back who began his college career at Ole Miss, where he played sparingly as a backup for three seasons before transferring to South Alabama and emerging as the team’s lead back. At 5-foot-10 and 205 pounds, he has a compact, dense build that provides a strong center of gravity and good leg drive, allowing him to generate solid production through broken tackles and yards after contact. Those traits show up most clearly on runs between the tackles in man- and gap-scheme concepts, where his rushing efficiency is noticeably stronger than on zone runs. Bullock is a straightforward, downhill runner who offers reliability but lacks the creativity and agility to create in open space consistently. He has limited experience as a receiver, and that lack of creativity with the ball likely contributes to his minimal usage in the passing game. In pass protection, he possesses the strength to deliver some impactful blocks, but his technique can be erratic. He frequently drops his eyes when engaging defenders — a habit that must be corrected, as it shows up in other areas of his game as well.",NA,NA,NA,NA
https://www.pff.com/news/draft-pff-2026-nfl-draft-guide-jam-miller-alabama,Jam Miller,NA,HB,"Miller is a former four-star recruit who still holds the career rushing record at Tyler Legacy High School in Tyler, Texas. He committed to Alabama and has been part of the Crimson Tide’s running back rotation since his true freshman season. At 5-foot-11 and 220 pounds, Miller has a powerful build and runs with a battering-ram, north-south style. He has also displayed strong ball security throughout his career, an important trait for a power runner. While his physical profile fits that mold, his game lacks creativity. His efficiency and elusiveness metrics are relatively low, and he often looks to charge forward immediately after receiving the handoff, even when better rushing lanes develop elsewhere. Miller has the build to become a reliable pass protector, but he must keep his eyes up and maintain a strong base to grow into a consistent third-down option.",NA,NA,NA,NA
https://www.pff.com/news/draft-pff-2026-nfl-draft-guide-chris-bell-louisville,Chris Bell,NA,WR,"Bell is a former three-star receiver from Yazoo City, Mississippi, who attended Greenville Christian School. He was a state champion as a senior and also competed in track, posting a 22.5-second time in the 200 meters. He brings that track speed to the field with impressive explosiveness and top-end speed, especially for a 225-pound receiver. Primarily aligned on the outside, Bell has produced his best work against press and man coverage, where he can overwhelm defenders with a combination of size, strength and vertical speed. He shows quick, explosive footwork and a solid variety of releases, and his physicality also translates as a blocker, where he can overpower defensive backs. However, while he is explosive, he lacks flexibility and start-stop ability, which limits his effectiveness against zone coverage. That shows up in both his lower receiving grades against zone and a route tree that is heavily built off vertical stems. Bell has also had some frustrating drops over the past few seasons, though he balances that with impressive contested catches. Teams will likely need to live with some inconsistency in exchange for his big-play ability.",NA,NA,NA,NA
https://www.pff.com/news/draft-pff-2026-nfl-draft-guide-chris-brazzell-ii-tennessee,Chris Brazzell II,NA,WR,"Brazzell’s father, Chris, was selected in the sixth round (No. 174 overall) of the 1998 NFL Draft by the New York Jets. He spent time on the Jets’ practice squad, played two seasons with the Dallas Cowboys and later enjoyed a seven-year career in the CFL. Brazzell III was a three-star recruit out of Midland, Texas, where he played both basketball and football. At 6-foot-5 and 200 pounds, he offers a tall, long frame with an impressive catch radius that flashes high-end potential as a vertical outside receiver when fully utilized. At this stage, his role is largely limited to vertical concepts, as he primarily runs go routes, skinny posts, comebacks and screens. His catch rate was inconsistent in 2024 but showed improvement in 2025. He explodes off the line with speed releases, and his long strides make him difficult for defenders to match downfield. He also shows strong concentration on deep targets, an important trait for his role. Brazzell’s middle-of-the-field route running remains limited in both experience and nuance. However, he has shown flashes of the ability to sink his hips and break effectively on comebacks and curls, which is encouraging for a player of his size. His effort level can be inconsistent at times, particularly on plays when he is not the primary target.",NA,NA,NA,NA
https://www.pff.com/news/draft-pff-2026-nfl-draft-guide-bryce-lance-north-dakota-state,Bryce Lance,NA,WR,"Bryce Lance, the younger brother of former No. 3 overall pick Trey Lance, has intriguing NFL potential as the next member of the family to reach the league. Listed at 6-foot-3 and 210 pounds, he offers above-average size, though his build appears somewhat lean. He primarily aligns as an outside “X” receiver, but his smooth acceleration and long speed give him some versatility to operate as a big slot option as well. Lance has produced strong catch rates both in contested situations and when working in space. He also shows flashes of nuance in his releases and route setup, though he will need to become more consistent in that area. At times, he was able to rely on his physical tools to win against FCS competition without needing refined technique.",NA,NA,NA,NA
https://www.pff.com/news/draft-pff-2026-nfl-draft-guide-malachi-fields-notre-dame,Malachi Fields,NA,WR,"Fields brings an ideal frame for the position at the NFL level, particularly when projecting to an outside “X” receiver role. He offers a massive catch radius and generally reliable hands on both catchable passes and in contested situations. He has good long speed from his track background, though it takes him time to build up to it. His change of direction is limited, but he is a capable enough route runner to create separation at the top of routes, typically working off a vertical stem. Fields also shows good potential as a blocker, adding value beyond the passing game.",NA,NA,NA,NA
https://www.pff.com/news/draft-pff-2026-nfl-draft-guide-ted-hurst-georgia-state,Ted Hurst,NA,WR,"Hurst is a former zero-star wide receiver recruit from Savannah, Georgia, who committed to Valdosta State and became an immediate starter as an underclassman before transferring to Georgia State, where he found similar usage and success. At 6-foot-3 and 195 pounds, he is long and lean but still possesses an NFL-caliber frame. He boasts a massive catch radius and consistently maximizes it, extending to attack the ball in the air. Hurst also posts strong catch rates, including in contested situations, where he ranks in the 95th percentile. For a bigger receiver, he shows impressive footwork, with the ability to execute jab-step releases and sharp single-cut routes. However, his overall flexibility is limited, which shows up in lower separation numbers against single coverage. Hurst’s long strides translate to impressive build-up speed — he has recorded 10 plays of 20-plus mph over the past two seasons — though it takes him time to reach top gear. He has the frame to be an effective blocker, but could benefit from adding more mass to maintain consistency at the next level.",NA,NA,NA,NA
https://www.pff.com/news/draft-pff-2026-nfl-draft-guide-j-michael-sturdivant-florida,J. Michael Sturdivant,NA,WR,"At 6-foot-3 and 215 pounds, Sturdivant, a former four-star recruit, offers an appealing blend of size and speed. He posted impressive track times in high school, including a career-best 10.39 in the 100 meters, and that top-end speed and acceleration show up consistently on film. Sturdivant profiles as a vertical receiver with the skill set to line up at all three spots, though he is best suited to the outside. His explosiveness gives him the potential to develop into a more refined route runner, but his routes currently lack consistency and nuance. At times, his timing and feel for when to break appear off, which contributes to lower separation numbers. His footwork against press coverage is explosive but not always efficient enough to consistently create separation. His catch rate was inconsistent prior to 2025 but improved significantly in his final season. Sturdivant also brings good play strength as a blocker, which supports his projection as an every-down contributor. Despite his explosiveness, however, that athleticism has not consistently translated into production after the catch.",NA,NA,NA,NA
https://www.pff.com/news/draft-pff-2026-nfl-draft-guide-jakobi-lane-usc,Ja'Kobi Lane,NA,WR,"Lane, a former four-star receiver who also played basketball in high school, is a long, lean “X” receiver who thrives in contested situations. At 6-foot-4 and 195 pounds, he consistently looks to turn 50-50 balls into 70-30 opportunities in his favor, thanks to strong hand-eye coordination and a catch radius he maximizes well. He is an ideal goal-line fade target and uses long strides to cover ground vertically, even if he is not an overly explosive athlete. However, his reliance on contested catches is partly due to his limited ability to separate, as reflected in his low separation metrics. When he does create space at the top of routes, it can come with subtle push-offs. Lane is also a limited yards-after-catch threat. Despite his length, his slender build shows up against physical defenders, as he can be outmuscled in press coverage and as a blocker. While he flashes some flexibility as a route runner, it is not enough to consistently create separation through agility.",NA,NA,NA,NA
https://www.pff.com/news/draft-pff-2026-nfl-draft-guide-caleb-douglas-texas-tech,Caleb Douglas,NA,WR,"Douglas is a former three-star receiver who was born in Houston, Texas, and played high school football at Hightower High School in Missouri City, Texas. He initially committed to Florida, where he saw early playing time before a knee injury cut his second season short. He later transferred to Texas Tech, where he became a full-time starter over the past two seasons. Douglas has been more productive with the Red Raiders, aided by his NFL-caliber height and length, along with better-than-expected short-area quickness. He shows a solid variety of releases against press coverage, though he lacks the long speed to consistently threaten defenses vertically. His catch rates are lower than ideal, which points to a lack of play strength that shows up at times due to his slender build. However, he is a capable route runner who can create separation on short and intermediate routes, reflected in respectable separation rates in those areas.",NA,NA,NA,NA
https://www.pff.com/news/draft-pff-2026-nfl-draft-guide-jeff-cladwell-cincinnati,Jeff Caldwell,NA,WR,"Caldwell nearly entered a military academy before a last-second scholarship offer from Lindenwood extended his football career. He spent three seasons there, earning Second-Team All-American honors at the FCS level before transferring to Cincinnati for his final season of eligibility. He passes the “off the bus” test with ease thanks to a 6-foot-4, 210-pound frame. A member of Bruce Feldman’s CFB Freaks List, Caldwell posted an 11-foot-9 broad jump and a 36.5-inch vertical, athletic traits that show up most in the vertical passing game, where he is at his best. He owns a high career average depth of target and strong in-game athleticism scores. However, his route tree and releases are very basic, which limits his ability to consistently separate despite his physical tools. His catch percentages — both in contested situations and on standard targets — are also below ideal. While he offers a solid baseline as a blocker given his size, he has limited special-teams experience, which could impact his early path to a roster spot.",NA,NA,NA,NA
https://www.pff.com/news/draft-pff-2026-nfl-draft-guide-jordyn-tyson-arizona-state,Jordyn Tyson,NA,WR,"Tyson hails from Allen, Texas, where he primarily attended Allen High School. He played wide receiver while also competing in track and field, specializing in the long jump. He began his college career at Colorado, appearing in nine games before suffering a significant knee injury (torn ACL, MCL and PCL). That injury also caused him to miss nearly the entire 2023 season after transferring to Arizona State. Since arriving at ASU, he has been the focal point of the passing game, posting a target share above 32.0% in each season. Tyson brings his long-jump explosiveness to the football field, a defining trait of his game. He is explosive out of his stance and when breaking on routes, allowing him to beat press coverage and defeat leverage from defensive backs. He has experience and success both inside and outside and is one of the better intermediate route runners in the class. He has good vertical speed, though he lacks truly elite top-end gear. Still, he is a high-level playmaker, producing several spectacular catches and strong yards-after-catch plays over the past two seasons. Moving forward, he would benefit from relying more on refined technique in his releases rather than purely on quickness. Tyson improved his ball security and catch rates in 2025 and will need to maintain that progress. As a blocker, he can be effective, but his effort in that area is inconsistent. Durability remains a concern, as injuries have impacted each of his four collegiate seasons and will likely influence his draft projection.",NA,NA,NA,NA
https://www.pff.com/news/draft-pff-2026-nfl-draft-guide-carnell-tate-ohio-state,Carnell Tate,NA,WR,"Tate is a talented former five-star wide receiver from Chicago, Illinois, who finished his high school career at IMG Academy before committing to Ohio State. He has a slender build with a long frame and a correspondingly large catch radius. He consistently maximizes that length, attacking the ball in the air and producing strong catch rates both in contested situations and on routine targets. Tate primarily aligned as an “X” or “Z” receiver in Ohio State’s offense, in part due to his reliable technique and consistent effort as a blocker, evidenced by zero penalties across his career. He displays a high level of football IQ as a route runner, winning with detail and precision. That shows up in 90th-percentile separation metrics both overall and against single coverage. To reach his full potential, Tate would benefit from adding strength at the next level, as he currently does not rely heavily on top-end athleticism to win.",NA,NA,NA,NA
https://www.pff.com/news/draft-pff-2026-nfl-draft-guide-omar-cooper-jr-indiana,Omar Cooper Jr.,NA,WR,"Cooper was a three-sport athlete growing up, competing in football, basketball and track (long jump). He also comes from a strong athletic background, with both of his parents playing Division I college basketball. While he is below average in height, Cooper carries over 200 pounds on his frame, giving him good strength and balance. That strength shows up most in his hands, as he displays strong hand-eye coordination and the ability to secure tough catches, especially for a receiver of his size. However, there are some frustrating concentration drops on tape. He shows decent nuance as a route runner, particularly with subtle hesitation moves before his breaks, but he is not consistently a make-you-miss threat after the catch. Cooper has experience both in the slot and out wide — primarily as a “Z” or move receiver — though his best work comes from the slot. He has the strength to be an effective blocker, but needs more consistent technique, as he can drop his eyes and miss with his hands. He also brings additional value with experience as both a kick and punt returner.",NA,NA,NA,NA
https://www.pff.com/news/draft-pff-2026-nfl-draft-guide-dezhaun-stribling-mississippi,De'Zhaun Stribling,NA,WR,"Stribling, a former three-star receiver from Kapolei, Hawaii, is a redshirt senior who has taken a well-traveled path through college football, with stops at Washington State, Oklahoma State and Ole Miss. He has solid size at 6-foot-2 and around 200 pounds. For most of his career, his route tree was heavily vertical, though he showed noticeable development over the final stretch of the 2025 season. His overall separation metrics are not particularly strong, but he plays with a physical edge. He uses active hands to defeat press coverage and brings strong hands at the catch point. That physicality also shows up as a blocker, where he is both willing and competitive. Stribling’s route-running nuance remains limited, but his late-season improvement suggests there is still room for growth in that area.",NA,NA,NA,NA
https://www.pff.com/news/draft-pff-2026-nfl-draft-guide-germie-bernard-alabama,Germie Bernard,NA,WR,"Bernard, a former four-star recruit, has taken a winding path through college football and is now on his third program, but that journey has led to him emerging as a solid draft prospect. At 6-foot-1 and 210 pounds, he has a well-built frame for the NFL, along with adequate athleticism and football IQ to line up at all three receiver spots, though he is best suited for the slot or as a “Z” receiver. However, he does not consistently stand out in any one area. His hands are generally reliable, but his effectiveness drops in contested situations, which may be due to his shorter arm length. He showed improvement as an intermediate route runner this past season, and that is likely where most of his NFL production will come from, given his more limited vertical speed and yards-after-the-catch ability.",NA,NA,NA,NA
https://www.pff.com/news/draft-pff-2026-nfl-draft-guide-cj-daniels-miami,CJDaniels,NA,WR,"Daniels has been a contributor and starter since his true freshman season, with stops at Liberty, LSU and Miami over a six-year college career. His measurables are above the 50th percentile for NFL receivers, and he appears to have long arms, though he is still on the smaller side for an outside receiver. That does not show up in contested situations, however, as he has posted a contested catch rate above 80.0% over the past two seasons, ranking in the 100th percentile. He lacks true difference-making long speed, but he is quick and sudden in his releases and at the top of routes, allowing him to consistently create separation on intermediate routes. He is not a major factor after the catch, with low percentile production in that area. Daniels has the experience and release package to line up at all three receiver spots. As a blocker, his slender build can show up against stronger defenders, but he competes with a feisty mentality.",NA,NA,NA,NA
https://www.pff.com/news/draft-pff-2026-nfl-draft-guide-josh-cameron-baylor,Josh Cameron,NA,WR,"Cameron was an overlooked and under-recruited receiver coming out of high school, receiving no scholarship offers before walking on at Baylor. He not only made the team but also quickly earned a scholarship, rising from a scout team player to a team captain over his five-year career. At 6-foot-1 and 225 pounds, he has a dense build that translates to good power and strength as both a blocker and a runner after the catch. He is an explosive linear athlete, but his high-cut frame limits his change of direction, which shows up in lower separation metrics and receiving grades against single coverage. He also needs to be more precise with his releases, reducing wasted movement against press coverage to get into his routes more efficiently. Cameron’s competitive toughness stands out on film, and his impactful special teams work as a punt returner will help his chances of making an NFL roster.",NA,NA,NA,NA
https://www.pff.com/news/draft-pff-2026-nfl-draft-guide-dillon-bell-georgia,Dillon Bell,NA,WR,"Bell is a former four-star receiver with a background in both track (100 and 200 meters) and basketball. In high school, he played both running back and wide receiver, and during his first two seasons at Georgia, he saw some usage at both positions, though primarily at receiver. He went on to become a consistent starter for four seasons. Despite that role, his production remained limited, with a low career yards-per-route-run average. He is a decent linear athlete, but his lack of change-of-direction ability shows up in lower separation metrics and receiving grades against man coverage. Bell has good size and extensive experience as a blocker, though his technique can be inconsistent. He also does not consistently catch the ball cleanly, with occasional body catches and bobbles.",NA,NA,NA,NA
https://www.pff.com/news/draft-pff-2026-nfl-draft-guide-barion-brown-lsu,Barion Brown,NA,WR,"Brown's clearest path to an NFL roster is through the return game, where he offers good straight-line speed and extensive experience. As a receiver, he must improve his nuance, tempo and catch consistency to earn a consistent role on offense.",NA,NA,NA,Jerome Mathis
https://www.pff.com/news/draft-pff-2026-nfl-draft-guide-romello-brinson-smu,Romello Brinson,NA,WR,"Brinson's slender build and lack of NFL-caliber athleticism mean that, to stick in the league as a “Z” receiver, he will need to significantly improve his catch consistency both in contested situations and on routine targets.",NA,NA,NA,James Quick
https://www.pff.com/news/draft-pff-2026-nfl-draft-guide-makai-lemon-usc,Makai Lemon,NA,WR,"Lemon lacks ideal size and top-tier NFL athleticism, but his football IQ, elite body control and competitive toughness make him a top-50-caliber prospect. He projects as a starting inside-the-numbers receiver, primarily in the slot, with added return value.",NA,NA,NA,Julian Edelman
https://www.pff.com/news/draft-pff-2026-nfl-draft-guide-skyler-bell-uconn,Skyler Bell,NA,WR,"Bell looked uncoverable at times against his level of competition in his final season and, despite below-average size and athleticism, produced like a top-100 prospect as a productive slot receiver.",NA,NA,NA,Jalen McMillan
https://www.pff.com/news/draft-pff-2026-nfl-draft-guide-deion-burks-oklahoma,Deion Burks,NA,WR,"Burks' size and production do not clearly point to a future NFL contributor, but his athleticism and strength make him difficult to dismiss. He offers intriguing upside as an explosive slot receiver, though he may not fit every scheme.",NA,NA,NA,Tre Tucker
https://www.pff.com/news/draft-pff-2026-nfl-draft-guide-zachariah-branch-georgia,Zachariah Branch,NA,WR,"Branch is a likely Day 2 pick due to his rare, difference-making athleticism. However, he relies heavily on speed and must continue to refine the nuance and technique of his route running to avoid being limited to a special-teams role.",NA,NA,NA,Deion Branch
https://www.pff.com/news/draft-pff-2026-nfl-draft-guide-antonio-williams-clemson,Antonio Williams,NA,WR,"Williams is a quick, precise slot-only receiver with strong separation metrics but a low average depth of target. His special-teams experience supports his projection as a depth receiver.",NA,NA,NA,Rondale Moore
https://www.pff.com/news/draft-pff-2026-nfl-draft-guide-aaron-anderson-lsu,Aaron Anderson,NA,WR,"Anderson is a small but explosive slot-only receiver with strong separation ability and yards-after-the-catch potential. While his size may limit his appeal, he profiles as a solid Day 3 option who can contribute in a rotational role.",NA,NA,NA,Malik Washington
https://www.pff.com/news/draft-pff-2026-nfl-draft-guide-eric-rivers-georgia-tech,Eric Rivers,NA,WR,"Rivers' build may limit his appeal, but there are flashes where he looks uncoverable. He offers depth potential with added value as a returner.",NA,NA,NA,KaVontae Turpin
https://www.pff.com/news/draft-pff-2026-nfl-draft-guide-zavion-thomas-lsu,Zavion Thomas,NA,WR,"Thomas plays with energy and determination, giving him a strong chance to stick on an NFL roster, particularly due to his special teams return ability.",NA,NA,NA,Jaylin Lane
https://www.pff.com/news/draft-pff-2026-nfl-draft-guide-kendrick-law-kentucky,Kendricklaw,Kentucky Wildcats,WR,"Law's receiving ability likely limits his chances of making an NFL roster, but his athletic versatility and extensive special teams experience give him a path as a late-round selection.",NA,NA,NA,Lynn Bowden Jr.
https://www.pff.com/news/draft-pff-2026-nfl-draft-guide-caullin-lacy-louisville,Caullin Lacy,NA,WR,"Lacy lacks the prototypical size the NFL prefers, but his special teams experience gives him a chance to be selected late in the draft.",NA,NA,NA,James Rodgers
https://www.pff.com/news/draft-pff-2026-nfl-draft-guide-kenyon-sadiq-oregon,Kenyon Sadiq,NA,TE,"Sadiq is an ideal modern tight end in terms of athleticism and versatility. He can impact both the receiving and blocking phases, allowing teams to align him all over the formation. While his college production was limited, his upside is significant, making him a strong first-round projection.",NA,NA,NA,NA
https://www.pff.com/news/draft-pff-2026-nfl-draft-guide-max-klare-ohio-state,Max Klare,NA,TE,"Klare is a lighter tight end whose blocking flashes but lacks consistency. He compensates with savvy receiving skills and reliable hands, projecting as a potential starter for teams that prioritize tight end involvement in the passing game.",NA,NA,NA,NA
https://www.pff.com/news/draft-pff-2026-nfl-draft-guide-jack-endries-texas,Jack Endries,NA,TE,Endries profiles as a strong mid-round option for teams that utilize heavier personnel and want to stretch the field vertically. He offers alignment versatility as a slot or wing and contributes as both a pass catcher and lead blocker.,NA,NA,NA,NA
https://www.pff.com/news/draft-pff-2026-nfl-draft-guide-eli-stowers-vanderbilt,Eli Stowers,NA,TE,"Stowers is a natural, versatile athlete with a high usage rate over the past two seasons, projecting to a contributing role in the NFL. He is best utilized as a backfield or big-slot option rather than as an in-line blocker, where his impact is limited.",NA,NA,NA,NA
https://www.pff.com/news/draft-pff-2026-nfl-draft-guide-justin-joly-nc-state,Justin Joly,NA,TE,"Joly is a natural receiving tight end with strong hands, a high football IQ and a competitive edge. While he lacks standout athletic traits, he offers enough to project as a contributor on offense and special teams.",NA,NA,NA,NA
https://www.pff.com/news/draft-pff-2026-nfl-draft-guide-joe-royer-cincinnati,Joe Royer,NA,TE,"Royer is a receiving-focused tight end best kept out of key blocking situations. He brings above-average athleticism and excellent hands, projecting as a TE2 with flexibility to align in receiver roles.",NA,NA,NA,NA
https://www.pff.com/news/draft-pff-2026-nfl-draft-guide-john-michael-gyllenborg-wisconsin,John Michael Gyllenborg,NA,TE,"Gyllenborg profiles as a high-percentile athlete for the position with strong route-running ability and explosive play potential. He fits best as a receiving tight end who can align in the slot or backfield, though his blocking impact will be limited.",NA,NA,NA,NA
https://www.pff.com/news/draft-pff-2026-nfl-draft-guide-lake-mcree-usc,Lake Mc Ree,NA,TE,"McRee is a solid overall athlete for an “F” tight end. While run blocking will not be a strength, his pass protection ability provides some in-line utility. His best fit is as a big-slot option, likely in the mid-Day 3 range.",NA,NA,NA,NA
https://www.pff.com/news/draft-pff-2026-nfl-draft-guide-michael-trigg-baylor,Michael Trigg,NA,TE,"Trigg may have one of the widest ranges of outcomes in the 2026 class. At his best, his vertical athleticism and contested-catch ability suggest top-50 potential, but inconsistencies with technique and focus create volatility in his projection.",NA,NA,NA,NA
https://www.pff.com/news/draft-pff-2026-nfl-draft-guide-tanner-koziol-houston,Tanner Koziol,NA,TE,"Koziol is not a traditional in-line tight end, but in a creative offense, he can thrive as a big-slot weapon. His large catch radius and contested-catch ability make him a valuable red-zone option.",NA,NA,NA,NA
https://www.pff.com/news/draft-pff-2026-nfl-draft-guide-dj-rogers-tcu,DJRogers,TCU Horned Frogs,TE,"Rogers is a late-blooming tight end with limited usage but intriguing traits. His athletic build, movement skills and reliable hands project him as a depth receiving option with alignment flexibility.",NA,NA,NA,NA
https://www.pff.com/news/draft-pff-2026-nfl-draft-guide-daequan-wright-mississippi,Dae'Quan Wright,NA,TE,"Wright is a big-bodied tight end with a strong multi-sport background. He shows solid all-around athleticism, but inconsistency as a blocker may limit his ability to earn significant snaps.",NA,NA,NA,NA
https://www.pff.com/news/draft-pff-2026-nfl-draft-guide-chamon-metayer-arizona-state,Chamon Metayer,NA,TE,"Metayer is a big-bodied, contested-catch tight end who could develop into a serviceable depth option if he continues to add strength.",NA,NA,NA,NA
https://www.pff.com/news/draft-pff-2026-nfl-draft-guide-dallen-bentley-utah,Dallen Bentley,NA,TE,Bentley produced as a receiving tight end in 2025 but likely lacks the baseline athleticism needed to stick at the next level. He will need to win with anticipation and route nuance to overcome those limitations.,NA,NA,NA,NA
https://www.pff.com/news/draft-pff-2026-nfl-draft-guide-marlin-klein-michigan,Marlin Klein,NA,TE,"Klein is an intriguing young prospect who is relatively new to football but shows the effort and mentality to develop into a difference-making in-line tight end. If he continues to add weight and strength, he projects as a strong TE2-type with blocking upside.",NA,NA,NA,NA
https://www.pff.com/news/draft-pff-2026-nfl-draft-guide-sam-roush-stanford,Sam Roush,NA,TE,"Roush has the build of an NFL tight end capable of playing on the line of scrimmage. As a blocking “Y” tight end, he can be a valuable piece in heavy personnel packages and some single-tight-end looks, though his impact in the passing game will likely be limited.",NA,NA,NA,NA
https://www.pff.com/news/draft-pff-2026-nfl-draft-guide-josh-cuevas-alabama,Josh Cuevas,NA,TE,"Cuevas lacks prototypical size for the position but brings a smart, tenacious play style. He competes as a blocker and can contribute as an intermediate receiving option, projecting as a TE2-type.",NA,NA,NA,NA
https://www.pff.com/news/draft-pff-2026-nfl-draft-guide-miles-kitselman-tennessee,Miles Kitselman,NA,TE,"Kitselman has the size and build of an NFL tight end, giving him a solid floor as a rosterable player. He projects as a TE2 with value primarily as an in-line blocker.",NA,NA,NA,NA
https://www.pff.com/news/draft-pff-2026-nfl-draft-guide-eli-raridon-notre-dame,Eli Raridon,NA,TE,"Raridon may not develop into a true TE1 due to limited receiving upside, but his blocking ability makes him a strong TE2 option for teams that rely heavily on 12 personnel.",NA,NA,NA,NA
https://www.pff.com/news/draft-pff-2026-nfl-draft-guide-nate-boerkircher-texas-am,Nate Boerkircher,NA,TE,"Boerkircher will be one of the oldest prospects in the class as a sixth-year senior, but he showed depth-level NFL ability in 2025. He is a tenacious run blocker with strong competitive toughness and better athleticism than his receiving production suggests. He projects as a Day 3 depth option with versatile blocking value.",NA,NA,NA,NA
https://www.pff.com/news/draft-pff-2026-nfl-draft-guide-oscar-delp-georgia,Oscar Delp,NA,TE,"Delp is an intriguing athlete with a high-effort play style that should get him drafted. However, his limited receiving impact and lack of feel in that area project him as a TE3 or TE4 option.",NA,NA,NA,NA
